ID,isocountrycode,rd2015,rd2014,rd2013,rd2012,rd2011,ns2015,ns2014,ns2013,ns2012,ns2011,emp2015,emp2014,emp2013,emp2012,emp2011,pubs.2011,pubs.2012,pubs.2013,pubs.2014,pubs.2015
ID0001,CH,7106.088095,7234.432237,7173.519143,6737.002563,6657.240398,36536.16948,43211.53856,41998.40582,41094.1929,42466.82727,118700,133413,135696,127724,123686,1411,1512,1608,1597,1684
ID0002,CH,7590.277289,7249.475128,7076.233189,6893.227158,6566.256383,39159.22633,38603.67873,38048.98719,37007.07286,34593.01997,91747,88509,85080,82089,80129,1934,2032,2123,1969,1889
ID0003,US,6559.354378,6159.092654,5933.580021,5557.972731,5473.134792,50811.43033,53898.22417,51709.08694,48744.83482,47153.94217,127100,126500,128100,127600,117900,1053,1296,1355,1531,1384
ID0004,US,5083.028322,5331.741028,5164.962788,5736.349939,5713.87151,28640.43547,30626.51242,31928.79495,34273.80262,34839.38889,68000,70000,76000,83000,86000,780,591,503,669,783
ID0005,FR,5246,4812,4757,4909,4795,34542,33770,32951,34947,33389,115631,113496,112128,111974,113719,925,940,957,956,979
ID0006,US,5562.326712,6025.672235,4750.199526,5323.762008,6114.857671,35422.39893,35969.13011,37404.10507,39632.36994,44257.12533,97900,78300,77700,91500,103700,2320,2228,2010,1723,1529
ID0007,GB,3696.970651,3717.270214,4154.316212,4222.380606,4470.755935,28566.7406,27471.7374,31649.94286,31561.57856,32703.14979,101192,98702,99817,98681,97401,1653,1428,1555,1418,1367
ID0008,US,2891.960321,2860.707834,4010.804249,3827.206246,3640.635289,14472.27352,14223.48692,16759.55376,16389.96488,17610.39853,41275,39135,37925,38350,38080,755,1003,1051,922,867
ID0009,DE,4436,3689,3259,3182,3045,47271,42239,40157,39741,36528,116800,118900,113200,110000,111800,786,856,843,864,891
ID0010,GB,4118.630651,3666.161109,3202.81351,3228.917492,3421.0718,17916.04333,18921.77099,18643.31858,20283.51875,24357.19009,61500,57500,51500,51700,57200,1374,1505,1402,1561,1580
ID0011,US,2857.66257,3080.271438,2960.62657,2450.87382,2296.425263,15707.35513,14547.90157,13542.16552,12519.03447,11298.67333,17900,17900,20000,18000,17800,856,890,944,942,933
ID0012,DE,3004,2654,2743,2795,2516,14798,13317,14065,14691,13171,47501,47743,47492,46228,44094,487,559,658,637,739
ID0013,US,4176.639534,3016.461672,2705.38764,2727.866069,2763.396488,12007.83866,11514.03723,11880.93714,12777.17384,15404.24954,25000,25000,28000,28000,27000,987,948,941,966,869
ID0014,JP,2381.938148,2631.28663,2352.03007,2233.1202,1941.09965,12440.70699,12242.77551,11649.1802,10723.559,10390.71741,31168,31328,31225,30481,30305,327,301,261,297,337
ID0015,US,3083.897211,2390.690897,2059.314098,1891.813549,1848.306914,16575.31304,14473.21514,13624.82813,13327.53279,12648.79374,28000,26000,25000,21500,NA,19,32,285,544,632
ID0016,JP,1384.087935,1190.318046,1714.717788,1324.645487,1096.473229,9951.351945,8430.983926,10003.90225,8387.697585,7950.551628,30638,29482,28288,25330,24595,166,172,168,178,182
ID0017,US,2680.953012,1668.770407,1603.437065,1153.604554,1060.665678,6711.627695,5561.891252,4708.795711,3992.975955,3511.058025,6971,6012,5100,4700,4460,159,191,203,299,351
ID0018,DK,1732.973667,1720.919108,1567.386677,1397.7874,1205.012236,14458.4608,11896.92841,11195.69567,10452.72759,8888.020209,40638,40957,37978,34286,32136,512,533,597,594,583
ID0019,US,2185.484645,2069.466734,1537.05754,1270.422047,871.898362,23666.89891,18048.01226,8122.462681,7035.397901,6080.331529,8000,7000,6100,5000,4500,203,247,302,373,438
ID0020,DE,1706.5,1699.9,1504.3,1511.3,1517.1,12844.7,11500.8,11095.1,11172.9,10276.4,49613,39639,38154,38847,40676,256,275,315,276,283
ID0021,JP,1553.854056,1422.685239,1318.420416,1252.960766,1307.264869,9451.996485,8589.102147,4379.234018,4295.037181,4225.969194,17217,17113,17649,17454,17085,240,252,291,294,293
ID0022,JP,1436.735745,1312.998944,1316.630019,1260.487318,1274.294029,6792.338726,6331.146955,4256.867305,3680.456048,3473.988904,15249,16428,32791,32229,31929,251,279,274,203,224
ID0023,US,1612.646931,1189.182006,1070.988353,1128.997201,1093.466781,20907.12633,14691.47354,12330.50571,12029.58482,11735.18991,88000,92000,49000,46000,45000,141,164,174,157,176
ID0024,US,994.1272221,975.2742668,1052.860588,3134.059973,2994.281854,14795.89057,14681.32199,15842.21634,15585.52719,15522.44257,74000,77000,69000,70000,91000,787,813,437,285,262
ID0025,US,1459.503481,1372.925128,1047.098134,967.963914,884.346335,7804.950107,7035.986765,5026.61096,4000.044333,3660.818017,7350,7550,6850,5950,5000,281,289,345,388,445
ID0026,IL,1105.794321,1078.965136,1031.10727,930.316897,783.119446,14249.88196,14699.44976,14729.89668,14732.07201,13278.22527,42888,43009,45000,45948,45754,203,216,176,197,194
ID0027,JP,842.1652813,908.3620139,898.944295,828.932907,861.745366,NA,3776.939601,4134.18383,3950.289454,4462.053627,9877,3514,10419,10495,10730,190,226,190,209,220
ID0028,FR,734,862,895,862,750,3898.396,3989.129,4189.012,3925.495,3890.732,21222,21359,21054,NA,NA,54,63,72,75,65
ID0029,US,427.8155082,970.1984898,850.554731,817.924754,685.954625,7227.906749,12088.32513,11064.46261,10289.31938,10073.96153,50000,66000,61000,51000,48500,201,246,234,326,201
ID0030,BE,940,768,781,753,732,3782,2938,3049,3070,2876,7788,8684,8732,9048,8506,14,12,6,11,10
ID0031,US,1941.846364,787.3976724,754.69511,681.168895,654.484825,NA,NA,4568.48681,4094.409501,3782.176878,NA,NA,11400,10800,10000,160,163,210,158,167
ID0032,GB,651.5847721,618.3021317,645.493454,632.151419,528.968181,4652.819947,4366.690826,3577.913222,3394.38773,3091.436522,5548,5016,5000,5300,5251,126,174,194,206,158
ID0033,US,635.1972621,592.4156694,624.320225,642.44799,648.973985,5421.655173,5351.319024,5179.464999,5256.326723,5526.792976,25000,24000,23000,24000,24000,122,96,122,126,138
ID0034,US,716.3654663,582.8666832,508.3354265,546.8054643,216.0714696,748.55822,420.8652889,878.816379,1107.27492,1022.8604,1950,1830,1800,2200,2000,117,112,95,113,103
ID0035,US,490.1750565,501.776797,501.051423,490.174764,511.249378,4017.840218,4076.573923,3988.833398,3990.283619,4069.100241,18000,16000,16000,15000,16000,73,88,63,64,63
ID0036,JP,560.5965832,510.2878056,459.966625,436.436684,422.506022,5540.05623,5265.816745,4911.787448,5122.262325,5843.220553,33336,31540,30702,30697,34112,38,32,35,50,31
ID0037,IE,1941.847258,787.3980116,447.320728,291.857016,222.318909,10928.14834,9471.617139,6292.219723,4288.956674,3324.197024,31200,21600,19200,17700,6686,46,32,25,22,38
ID0038,DE,464.182,450.874,420.12,400.053,369.553,4510.862,4287.237,4189.937,4162.987,4237.094,25059,24317,24264,23736,22619,122,111,123,149,189
ID0039,US,485.0992795,443.0428078,406.061935,390.087023,405.618892,7455.591612,6124.287328,5840.040754,5589.429479,5499.265602,49517,30619,30000,29600,29369,90,88,93,75,66
ID0040,US,453.1943939,445.2181408,388.65928,341.527092,335.001096,7211.954306,7015.448721,6541.222702,6277.282444,6023.493735,27000,26000,25000,22010,21241,32,27,42,42,32
ID0041,IE,NA,NA,368.356184,451.743902,401.711271,NA,NA,7421.506968,8594.010804,8392.430058,NA,NA,38500,43400,41300,88,72,59,72,77
ID0042,US,305.9968546,308.8972772,359.654856,383.583506,353.128861,138412.0939,129827.4952,99781.74424,88513.52555,88696.25342,68000,70400,42800,43500,37700,31,77,72,89,62
ID0043,JP,342.8167061,333.7829437,357.555947,365.110043,369.090232,2134.370875,1886.806739,1995.0319,1948.10974,1840.49314,5896,6059,6165,6082,6132,59,71,91,76,73
ID0044,DE,464,369,348,305,267,27995,23231,20331,19290,16522,222305,216275,178337,169324,149351,485,437,449,511,615
ID0045,AU,335.508874,335.5088496,338.191583,309.477203,228.197744,4285.043633,3958.090789,3868.320017,3589.587503,3347.400563,16000,14000,12196,11285,10515,91,125,127,136,125
ID0046,JP,298.6244944,284.7243574,305.8448914,312.9240928,305.6314133,NA,934.9985396,986.4535881,983.4166926,1003.883021,3116,2913,2858,2858,2754,35,38,38,52,57
ID0047,US,487.2021012,506.1999746,330.812132,282.025241,213.710396,6837.289436,5597.566713,5009.89281,4927.931384,4444.80107,35000,25000,20000,20000,18000,2,18,18,22,19
ID0048,CH,356.9365291,355.7976996,329.643476,374.528755,372.267614,1663.372016,1592.45665,1452.44973,1405.808407,1460.846047,2547,2470,2396,2433,2570,8,15,8,17,19
ID0049,US,NA,339.3519383,305.199051,291.639482,249.148001,NA,3236.677876,2902.472701,2967.225077,2941.846206,NA,19000,17000,16000,15000,6,13,18,17,31
ID0050,US,263.9404151,287.1439481,289.319128,296.570234,309.622225,3455.154059,3469.656034,3307.229436,3144.079552,3069.39316,9000,10000,9800,9300,NA,9,1,47,110,86
ID0051,US,501.9943665,501.1241976,286.781241,272.931629,246.682625,12301.79867,12246.83439,9491.915257,9071.061066,8381.408377,52000,51000,50000,38900,39300,377,384,334,311,375
ID0052,FR,192.6,185.8,267.646,275.335,206.27,1443.9,1274.8,1233.966,1247.696,1159.819,4635,4531,4602,4835,4580,51,38,56,54,67
ID0053,US,460.3048326,334.6698969,257.254738,219.141475,155.444859,645.2726805,544.5873494,397.712286,363.079554,320.033363,2158,1681,1341,1089,1002,20,29,26,49,48
ID0054,US,NA,7.373640509,251.448777,260.126901,235.128713,NA,74.77289621,2644.405114,2243.49364,3297.630422,NA,55,60,57,57,7,9,10,12,12
ID0055,DE,233,232.244065,250.876164,233.22915,206.674085,NA,1154.27502,972.90701,946.574184,910.389422,5257,5448,4369,4394,4718,43,34,31,35,29
ID0056,FR,279.9,256.7,235.7,218.6,204.5,2407,2068,1940,1886,1698,15022,13485,12612,12330,NA,39,41,74,58,62
ID0057,US,277.7900354,251.250954,234.210723,211.224717,178.59474,1808.209376,1684.360293,1483.213728,1377.420091,1217.170649,9800,9100,8600,8200,7800,12,10,21,27,26
ID0058,DE,275.361,242.627,228.586,202.527,192.095,6129.77,5429.574,5169.545,5047.846,4609.439,54770,54017,49889,46559,43676,33,40,54,39,55
ID0059,US,514.4459729,362.3502833,222.578499,156.317167,95.362195,1888.223203,1619.704323,1124.897425,822.35808,568.074121,2924,2273,1774,1373,1008,9,10,7,10,17
ID0060,US,177.7232633,175.874943,217.060407,125.724751,130.530784,1062.839469,934.3192734,809.936936,664.256416,538.889869,750,740,706,623,543,41,32,76,49,95
ID0061,US,197.085178,229.4251134,211.949828,144.804586,131.897618,2476.979279,2409.978849,2211.224768,2144.949659,2100.210335,14900,13900,13000,12200,12100,15,9,47,19,21
ID0062,DK,382.6045759,316.8280942,210.056608,338.528729,388.631517,1955.087947,1804.245567,2044.032984,1982.945093,2144.372524,5257,5811,5518,5541,5736,153,168,187,255,205
ID0063,JP,228.2392062,202.1841811,207.479406,186.807213,167.484704,3615.154233,3370.925394,3218.29963,2770.252913,2662.774036,20697,19934,19263,18893,18112,47,54,47,42,41
ID0064,US,291.1516566,281.3829412,200.669282,167.518676,142.783703,1609.57391,1349.691122,1030.511229,832.801123,765.379615,4600,3700,3000,2400,2200,73,84,76,110,116
ID0065,IT,236,236,197.981,169.377,150.341,NA,1341.651,1106.808,1056.932,1015.003,4165,3981,3858,3822,3776,36,33,49,46,57
ID0066,DK,237.252015,210.9954535,185.139178,193.712917,178.30698,1875.780557,1669.074512,1573.549052,1504.959139,1407.968715,6485,6260,6162,5950,5751,80,86,75,75,63
ID0067,GB,160.9746483,170.4010797,167.500548,123.993912,121.09347,3360.164514,3347.837389,3154.956211,2999.782543,3096.222252,14686,14242,11036,10477,10743,37,32,66,38,47
ID0068,DE,227.823,208.823,165.901,161.211,132.306,2608.92,2434.656,2374.164,2373.495,2255.847,13936,13737,13334,12516,11924,7,9,10,12,8
ID0069,US,213.5662266,167.3142825,158.528755,123.484159,118.480171,244.2188456,207.9313744,195.24618,152.862015,68.724532,759,657,582,538,483,0,0,0,1,0
ID0070,US,139.926126,159.7658775,152.963531,155.202672,135.188895,1464.318944,1577.148284,1546.439021,1500.424228,1503.537853,7770,7600,7750,7380,7030,38,62,65,52,45
ID0071,US,203.9128238,170.0044443,151.94475,95.454284,113.280403,2975.658437,2044.491736,1526.172905,999.548281,323.271707,4300,2925,2340,1950,1704,45,67,87,95,124
ID0072,US,177.8052012,170.2850627,150.973827,134.683493,123.794507,2247.19957,2211.443464,2133.925803,2035.396324,1882.870035,7300,6800,6400,6100,5700,32,41,40,32,54
ID0073,JP,149.8872007,148.4290816,150.627432,160.660539,166.858065,1997.773012,2000.480249,2038.001416,1963.706848,1867.727825,6517,6609,6381,6370,6003,47,34,27,41,38
ID0074,US,194.909845,136.5383973,148.067584,163.584951,172.648833,4349.070937,3388.661137,3352.476337,3242.47706,3228.047359,17500,10000,9500,9300,8700,10,10,12,14,19
ID0075,FR,214,164.368,148,148.977,139.859,6716,5670,5065,4989,4189.541,60883,58032,55129,50668,48700,22,19,24,22,44
ID0076,IN,208.9203614,205.0079689,145.28688,89.899332,69.246149,NA,1722.469953,1526.824293,1362.032281,1133.254062,21669,19857,18421,16617,15200,68,94,79,78,60
ID0077,US,132.5408701,117.8515626,144.867671,107.88558,93.089699,167.344024,145.534849,107.984195,58.872455,51.830906,435,438,445,433,423,10,15,21,8,10
ID0078,US,155.8263608,147.3425508,143.315209,94.961934,84.617506,1961.425336,1835.038354,1807.177915,1452.144189,1297.475923,5290,5351,5615,6157,5019,36,36,36,26,26
ID0079,IE,NA,NA,142.049166,166.847949,177.317816,NA,NA,0.145022,479.080572,611.050701,NA,NA,364,902,1273,35,32,38,13,7
ID0080,HU,117.0560044,146.7838318,141.051438,130.608662,96.536837,1227.706452,1188.997447,1181.533157,1098.414581,1035.092225,11465,11602,11643,10982,10752,68,82,63,81,81
ID0081,SE,136.4705876,144.259362,138.840884,143.581793,117.958312,3412.893484,3010.373867,2854.365402,2737.084363,2466.852592,15424,14858,14723,13617,12427,37,25,31,42,32
ID0082,US,105.6486767,126.3143327,138.133569,137.916036,124.50149,1177.435291,1311.65325,1333.768433,1298.963125,1197.665174,6000,6100,6200,6400,6000,185,239,256,226,253
ID0083,US,NA,NA,137.771014,139.221235,118.918138,NA,NA,2785.874916,2574.142622,2608.947931,NA,NA,16000,15000,15000,12,0,6,1,4
ID0084,SE,152.951045,160.4012626,135.5674,100.913618,87.819681,1266.614116,1223.497032,1207.125543,1167.053581,1021.327091,3617,3844,3775,3336,3162,19,35,21,32,41
ID0085,US,NA,NA,132.289177,92.089046,70.794723,NA,NA,764.587069,671.712728,546.713088,NA,NA,873,762,669,49,71,50,100,36
ID0086,JP,137.6444843,120.3533012,131.112111,115.129379,118.613766,NA,1114.430114,1023.714271,819.905177,787.884625,3463,3230,3072,3050,1927,11,16,15,23,31
ID0087,US,69.86517314,137.1192116,129.622946,93.450804,113.723446,26.95382716,18.2082617,22.723516,34.406498,210.018133,115,98,227,174,200,27,43,21,22,23
ID0088,ES,66.3,100.6,126.7,159.5,144.5,684.985,786.396,692.891,682.882,768.418,1889,2644,2969,2804,2792,43,53,49,48,55
ID0089,US,145.3847614,137.7710856,126.386777,126.241755,105.431081,1728.95474,1545.719073,1642.448015,1579.87097,1274.236853,3211,2978,2792,2362,1924,0,0,0,1,0
ID0090,US,NA,NA,122.978757,108.984123,91.944024,NA,NA,2337.321501,2213.690144,2057.936387,NA,NA,NA,NA,8004,17,17,12,12,12
ID0091,US,291.2459214,175.9597804,122.825759,38.752086,62.90987,546.5531644,370.8906402,257.375831,215.400629,68.490322,692,588,481,413,368,33,40,17,40,69
ID0092,ES,215.605,171.918,122.499,124.575,84.475,3934.563,3355.384,2741.732,2620.944,1795.613,14749,13980,11779,11259,11259,27,41,48,40,44
ID0093,CH,127.3892862,128.1797975,121.634755,115.645984,108.163071,1685.225377,1655.256153,1587.119395,1460.194546,1317.519791,10894,10184,9529,8952,8223,4,4,7,8,15
ID0094,IE,134.2180519,121.0210219,120.150826,104.488437,102.60315,2426.874107,1842.071931,1598.506313,1490.973195,NA,5700,5500,5500,NA,NA,17,7,8,33,29
ID0095,US,119.5990881,51.41399389,117.905884,104.557323,38.107462,86.14609063,76.43539821,33.036764,0.404612,18.345298,459,379,307,300,150,23,28,31,40,49
ID0096,CA,242.4771288,178.3773007,113.685015,57.321443,47.63034,7574.872376,5991.954574,4183.60173,2571.696099,1786.273702,22000,16800,17200,7000,6900,49,45,38,30,34
ID0097,US,73.74451663,86.30850917,111.740993,112.247846,99.435866,1786.177603,1877.097691,2196.680499,2043.959881,1730.496019,9200,9800,17600,17400,14500,53,65,40,51,68
ID0098,US,63.95479304,136.1758414,110.579366,83.532741,76.697848,2008.194998,3338.338436,2944.529115,2566.746494,2300.956479,13300,13500,10220,9900,8800,1,1,0,0,0
ID0099,IN,260.5885311,109.7815974,109.775824,73.20575,45.590465,NA,1874.979996,1316.612852,937.816148,671.011706,NA,16023,14000,10510,11200,3,3,2,2,1
ID0100,DE,145.474,142.834,109.197,121.637,129.988,NA,1045.242,1031.032,966.223,837.211,3254,3181,2885,2882,2882,41,34,40,15,21
ID0101,US,NA,NA,108.747737,89.358279,75.665291,NA,NA,677.13583,533.278238,391.913577,NA,NA,555,525,490,9,9,11,16,16
ID0102,US,89.62807393,115.423891,106.5405,91.670657,79.892686,224.0643837,525.2761941,498.777476,405.038079,351.48431,614,727,571,538,421,11,13,20,28,37
ID0103,NL,106.721841,118.6477344,105.916905,88.808646,94.725548,928.8570784,975.1125671,944.082396,909.61934,848.195946,4559,4015,4015,3999,3938,46,43,56,30,38
ID0104,IN,202.876736,119.6295714,104.820466,79.878497,58.648946,NA,1476.107756,1298.777078,1108.410498,829.748341,16351,15000,15000,13000,11000,12,8,4,8,8
ID0105,US,74.10417217,111.814288,103.307957,163.962008,132.17751,2370.183476,2086.280607,489.23212,2195.172994,1979.63967,6406,5062,3371,4629,4566,18,23,21,18,6
ID0106,CH,74.86980553,86.80174888,101.842449,115.188876,108.291582,3083.925108,2778.644188,2732.428884,2679.485646,2592.491086,6421,6348,6352,6089,5926,11,13,30,34,29
ID0107,GB,123.4496838,123.4496716,99.978235,88.474158,85.836365,NA,149.1720359,124.173336,108.95557,106.348823,258,280,271,262,255,16,17,23,36,37
ID0108,KY,115.3434116,115.3434034,98.393157,84.384746,69.657024,NA,959.186954,880.274839,768.65639,638.636083,8277,8300,7900,6800,6800,0,0,0,0,0
ID0109,FI,103.4,101.8,97.7,100,82.1,1015.6,1015.3,1006.9,980.4,917.9,3401,3450,3540,3495,3328,34,27,39,37,43
ID0110,SI,115,108.37,97.235,101.102,92.932,1164.607,1191.614,1200.827,1143.301,1075.627,10564,10499,10048,9461,8948,22,10,18,9,11
ID0111,JP,103.0440073,94.46739092,95.882617,87.192308,101.625658,1114.458985,1079.392201,1037.293739,983.148018,948.868812,2900,2942,2949,2826,2718,4,1,16,10,5
ID0112,IE,246.8169181,191.639581,92.904795,96.781962,86.682621,455.6126395,448.6906976,313.908354,417.335954,282.776456,1500,1300,1250,1230,1200,20,15,9,20,20
ID0113,JP,122.3927324,101.1747271,91.31022,83.453134,81.972614,1743.154815,1524.479741,1270.754553,1002.463642,927.859198,6496,5903,5401,4848,4596,46,27,44,30,49
ID0114,US,93.6589663,76.53328871,90.77007,85.489089,75.098254,30.54602725,8.475096805,3.450076,98.439565,17.773911,313,287,241,226,222,23,24,19,20,21
ID0115,US,111.6649231,109.3677635,86.964689,87.177147,90.517006,379.0800705,326.4000062,226.774714,204.399976,198.233636,1292,1280,1353,877,811,8,9,13,15,11
ID0116,US,86.03514915,83.28987275,85.726926,87.103185,79.568561,1333.271078,1217.397524,1127.527401,1098.14882,992.32473,5250,4340,4100,3900,3700,6,6,14,17,19
ID0117,SE,NA,NA,84.546197,76.193168,67.049988,NA,NA,1223.605843,1216.720239,1783.033017,NA,NA,7243,7291,9898,0,0,0,0,0
ID0118,DK,96.99079548,86.40766196,84.263779,82.120345,79.842945,1428.738725,1252.040323,1233.680676,1146.067779,1077.209937,10803,9799,9120,8025,7392,14,29,20,19,31
ID0119,JP,92.63976444,81.10092256,82.365124,86.20759,96.123632,635.354271,600.8506177,646.93222,614.312573,593.619722,1726,1746,1726,1753,1730,15,8,12,10,20
ID0120,US,NA,NA,82.304404,77.275762,52.457401,NA,NA,51.003554,18.979045,3.920673,NA,NA,353,269,201,16,8,8,15,24
ID0121,AU,92.00808938,82.27013389,81.998199,80.168117,76.70144,744.4591834,527.6595585,527.659393,459.628824,500.746844,2934,2632,2536,2531,2390,13,16,21,20,28
ID0122,KY,123.1034381,98.01306701,80.685396,48.927545,32.76039,1360.736777,1157.619882,925.963991,778.712352,540.766575,15259,13880,9072,10364,8653,3,7,8,2,8
ID0123,US,21.49736663,40.12981661,79.55841,73.614678,69.07331,NA,NA,NA,0.025379,0.036256,192,287,265,246,250,13,9,6,2,6
ID0124,JP,89.64449988,93.06256825,78.219667,76.153825,96.158063,822.7201567,778.9944384,767.116026,737.030479,710.870032,2420,2445,2452,2444,2297,25,29,16,20,20
ID0125,JP,97.12921965,99.76990545,77.799613,71.009878,69.157507,490.9067475,482.8042546,484.777389,430.321792,444.968612,1908,1883,1883,1897,1893,12,19,13,11,25
ID0126,US,85.95828727,80.28863836,75.075051,71.78885,58.985572,1480.91746,1442.495176,1380.768652,1336.843627,1342.313137,6600,6200,6000,5900,5700,106,112,103,126,112
ID0127,IT,76.736,85.267,74.725,63.407,55.956,1047.676,987.356,941.63,828.317,762.036,3929,3923,3961,3369,3207,5,6,4,3,6
ID0128,US,78.85292385,73.88155807,74.235373,75.697196,14.663187,108.44398,55.42458301,16.591256,108.944242,47.76376,474,464,534,530,276,18,37,27,33,22
ID0129,DE,88.993,83.005,73.8,66.588,59.538,2115.129,2062.247,2014.411,1837.544,1715.396,10441,10363,9825,7761,7900,8,3,7,3,7
ID0130,US,NA,86.35709171,73.064319,62.351535,33.745197,NA,948.895454,795.784952,761.371203,671.552479,NA,NA,NA,NA,819,1,0,1,1,0
ID0131,US,56.45206942,104.0773544,72.337033,51.831631,11.463454,79.08495966,119.6396862,NA,34.162861,67.270801,222,195,151,154,190,0,2,0,1,1
ID0132,US,55.15049436,25.91474111,72.041913,55.787834,48.15822,64.72196003,74.509504,34.650135,35.473136,24.809659,426,306,254,230,218,10,24,31,35,45
ID0133,US,86.12941317,79.88040066,71.715613,68.460592,59.27199,1161.549558,1077.374968,998.519349,937.81309,883.684309,6800,6400,5700,5400,5100,66,64,73,75,73
ID0134,US,NA,70.89772571,70.659852,63.613228,48.084984,NA,346.2839988,364.600836,356.503526,306.513676,NA,1048,1030,855,773,13,15,13,19,19
ID0135,US,25.55001248,37.42297735,70.074384,22.192735,9.145919,97.93132024,54.62551052,39.735662,30.690473,40.668872,216,153,170,152,135,15,17,15,18,28
ID0136,US,87.5709341,88.77678735,69.126244,56.623887,33.753898,200.7419131,201.8853984,150.771521,80.430718,60.013054,625,585,569,396,330,9,13,12,17,12
ID0137,IT,NA,72.791,68.199,68.331,63.597,NA,746.865,738.466,731.09,743.43,NA,3911,3733,3727,3750,8,15,13,13,12
ID0138,DK,54.34257691,64.12654239,65.64269,48.271893,35.351536,136.7196461,163.0110688,162.4323,136.19331,70.144037,409,422,426,450,439,0,0,0,1,0
ID0139,JP,67.05951109,61.75707537,65.624917,62.312683,64.826124,579.8351377,550.8485969,526.906795,481.623537,463.464785,1843,1812,1790,1806,1823,10,13,12,5,13
ID0140,KR,115.4649367,92.89185749,65.245558,54.954777,48.447538,905.5992569,523.17665,501.636851,463.073924,416.48313,NA,NA,NA,NA,NA,9,12,14,16,23
ID0141,US,NA,48.35475098,63.50011,59.307521,65.402075,NA,16.57168647,1.611196,0.789645,1.340729,NA,106,149,230,225,24,39,34,26,31
ID0142,JP,78.00772174,73.52590297,63.242312,56.610959,59.957623,900.1976827,885.37527,803.509277,670.331324,680.584787,4459,4148,3977,3981,4359,9,20,13,16,37
ID0143,FR,81.3,65.9,62.6,70.322,79.267,502.416,501.9,477.176,465.701,432.418,2111,2016,1950,1887,1931,24,20,15,13,33
ID0144,DE,66.430193,58.807515,62.302025,50.250218,50.748354,NA,1234.566156,1278.306715,1122.399011,1037.104016,6534,6203,5883,5482,4999,3,4,5,3,0
ID0145,CH,NA,NA,62.263,30.557,24.392,NA,NA,566.788,580.485,569.179,NA,NA,2487,2496,2472,9,3,3,6,4
ID0146,US,NA,NA,61.913568,68.768764,53.535641,NA,NA,112.821408,94.731349,73.703867,NA,NA,207,149,86,5,5,8,8,8
ID0147,US,61.33424155,53.65458693,61.804802,50.247264,36.953086,65.00620387,37.88704821,25.716047,46.349795,205.255607,258,256,269,247,197,6,10,1,8,18
ID0148,US,54.31081603,58.58896704,61.706912,61.924445,48.364877,1939.164428,2119.223849,2139.634598,2123.434903,1840.126216,11400,11600,11800,11900,11800,5,9,10,6,15
ID0149,US,NA,NA,61.093468,24.736423,28.074832,NA,NA,0.340077,50.51338,5.040244,NA,NA,84,107,105,9,8,5,21,9
ID0150,IN,83.64780437,83.65271723,59.971547,42.620765,35.897644,NA,1274.91901,1147.981902,951.037465,805.632266,23472,23472,23472,27562,27562,1,2,12,12,11
ID0151,US,NA,NA,59.969547,35.8966,32.051339,NA,NA,51.482127,29.37278,3.255747,NA,NA,24,24,24,5,5,3,6,5
ID0152,HK,90.27716991,79.28836965,59.651348,43.18581,35.774649,9362.953583,7336.017346,6062.021706,6150.885656,6751.120577,55800,51000,36000,35000,31000,5,4,2,10,5
ID0153,US,145.2948479,89.65199669,57.443262,36.050324,33.419622,8.752089857,6.979193045,7.63614,52.238418,56.579655,137,99,70,57,NA,13,16,13,12,17
ID0154,GB,92.18544359,81.55784003,56.95915,49.197421,47.406253,534.3651051,439.1943418,346.889583,279.064012,235.240096,1182,986,776,569,498,23,21,25,15,14
ID0155,GB,60.65969405,65.0790961,56.123272,56.069537,48.958599,775.5661703,807.7330843,674.445296,673.408807,619.688089,2208,2205,2039,1960,1851,103,141,128,181,156
ID0156,US,112.6750026,85.87126808,54.909,34.22522,8.533102,0.22986014,NA,NA,NA,NA,119,108,62,37,18,0,2,6,15,21
ID0157,JP,70.70891494,59.53277431,54.331647,44.512011,41.013851,NA,2238.652663,2071.020458,1659.697528,1459.951257,24243,23153,21826,19327,14566,4,6,10,4,4
ID0158,US,NA,NA,53.159308,21.329853,11.841056,NA,NA,9.697629,10.843304,1.522007,NA,NA,172,115,82,2,6,9,19,13
ID0159,PT,33.047086,44.909112,53.074081,59.102809,57.502766,215.114852,204.309409,199.522635,158.599936,124.298683,NA,NA,NA,NA,NA,52,57,49,44,66
ID0160,US,84.13463264,73.95914488,52.704664,44.963383,34.305707,390.5273981,340.9044007,290.981082,240.165331,201.272574,1700,1400,1200,945,717,20,7,15,4,12
ID0161,DK,28.53458485,41.2613335,52.246223,35.098744,59.212386,344.1565671,325.9377391,300.616727,314.147159,314.549053,1896,1844,1763,1855,1781,53,54,36,30,22
ID0162,US,39.31406987,49.45619463,52.106448,35.829165,25.185266,NA,NA,NA,0.106591,5.499239,NA,110,134,124,122,12,22,29,33,20
ID0163,CN,98.6479935,68.1721349,51.998907,36.364015,22.508443,1485.555754,1418.551311,1178.909138,864.833976,754.757952,17842,18081,16791,14357,13192,0,0,0,1,1
ID0164,GB,36.59055249,36.05686824,51.988061,42.74962,15.663839,59.28217775,39.30246527,18.962501,NA,NA,210,201,185,111,31,6,4,6,3,6
ID0165,SE,57.65289738,36.63232938,51.437613,45.337193,62.728876,364.3580703,294.2732172,245.702537,217.084044,215.692587,672,589,546,514,517,3,5,6,11,8
ID0166,JP,59.07500936,68.05180732,51.40293,38.768391,36.554855,430.1822561,420.1561427,426.918868,367.154153,366.133234,1799,1426,1322,1298,1297,5,8,5,10,10
ID0167,US,NA,NA,51.361759,54.12443,53.868466,NA,NA,205.747232,236.045253,92.888118,NA,NA,755,1050,1475,20,25,31,16,15
ID0168,DK,59.21261268,52.11252837,50.772611,41.930943,51.174505,1863.321794,1664.921585,1558.678973,1476.692593,1362.688656,9535,9071,8412,7875,7372,7,8,8,5,5
ID0169,IN,74.56420874,56.83145669,50.186179,53.091448,41.142358,NA,995.4701506,827.064482,721.069022,596.283033,16153,13180,15390,15025,1100,28,22,14,14,15
ID0170,US,NA,NA,50.147924,40.22116,38.501923,NA,NA,285.46009,276.895084,249.108845,NA,NA,1800,1565,1289,5,3,5,1,4
ID0171,KR,65.64614988,51.55209752,50.127717,48.543384,41.118456,778.6760438,717.9991781,644.656141,588.508377,561.972931,NA,NA,NA,NA,NA,19,7,13,5,4
ID0172,US,55.82049696,57.36643018,49.926765,51.657604,47.019072,623.935563,432.201674,370.895521,421.791034,371.923003,1290,1061,973,1125,1002,2,1,8,2,7
ID0173,US,24.60301693,43.10494751,49.43659,55.491264,46.842145,20.9520834,5.98216597,5.184541,1.631499,3.444275,126,127,129,157,153,13,8,13,13,17
ID0174,SE,57.5212806,72.99420063,49.194712,30.795924,14.886791,1.597348841,2.222815702,1.1622,0.203182,0.086014,240,246,166,115,68,18,29,34,51,45
ID0175,JP,40.69429257,39.56226581,48.946685,44.236565,38.445321,1139.729382,1107.350914,1054.915372,912.675259,831.281081,4776,4616,4495,4360,4057,8,8,9,4,6
ID0176,US,51.19283881,54.74587918,48.927563,38.94279,30.922341,546.5886942,524.3277487,564.292669,444.61244,359.658482,2206,2038,1649,1325,1169,23,43,59,78,83
ID0177,US,NA,NA,48.709304,52.260171,NA,NA,NA,0.937568,13.984483,119.533757,NA,NA,71,219,220,18,25,17,12,10
ID0178,JP,40.16409586,52.43979993,48.512858,43.396456,45.393437,755.5642462,646.5555364,612.494632,599.466055,605.959685,1451,1503,1540,1666,1668,12,17,30,14,17
ID0179,US,195.2368703,99.85140693,48.252485,42.704664,29.530854,NA,9.879637045,NA,NA,NA,309,136,74,61,57,0,0,0,1,0
ID0180,US,53.70244802,58.63029807,48.196651,22.001306,37.216301,27.79060513,26.80735248,59.019652,20.003626,9.222682,228,325,310,293,266,12,13,12,12,15
ID0181,US,170.6896865,101.2893022,47.705026,12.346458,11.991879,29.79988825,36.66233599,34.201292,48.383005,60.007978,369,256,165,129,116,43,58,38,25,39
ID0182,GB,NA,NA,47.651046,44.483066,44.142744,NA,NA,524.209269,438.590233,368.452861,NA,NA,876,893,853,7,16,4,19,10
ID0183,US,68.66148873,73.08756085,47.584658,34.05917,23.415997,3.973608312,2.600248196,2.98093,8.122689,6.71815,197,163,122,109,103,9,14,13,13,17
ID0184,IN,78.31643467,57.2532111,47.215307,41.466858,26.696845,522.644144,515.5061817,565.866741,670.164727,509.652129,7376,6834,8600,8600,7900,10,3,10,4,7
ID0185,US,37.79206201,44.26077438,47.164819,40.807774,35.33609,1312.22618,1334.082383,1229.984079,1124.653063,1082.24787,12200,11700,11400,11600,11500,13,8,10,3,3
ID0186,CN,98.37577748,66.30752428,47.131355,38.849215,24.056242,1018.802052,1179.840411,1002.955634,675.372935,599.330315,9293,8854,8428,7680,3867,16,14,19,14,11
ID0187,ES,NA,56.334,47.099,43.906,59.039,NA,149.652,141.824,138.229,152.486,NA,665,628,640,668,8,10,18,16,12
ID0188,DE,81.4,57.1,46.7,33.065,29.744,589.6,582,500.8,439.967,422.027,2271,2158,1997,1727,1662,6,7,5,13,19
ID0189,US,43.36018952,40.65262229,46.356321,34.361541,27.930535,208.4389662,199.9174477,189.685307,170.526435,149.45327,802,752,684,612,511,1,0,0,1,5
ID0190,KR,53.55989488,40.95702667,45.615872,45.211888,47.363723,309.6665222,292.4850723,286.735819,278.946311,262.108049,NA,NA,NA,NA,NA,15,25,21,23,27
ID0191,JP,59.55413422,56.09646968,45.365892,47.087427,41.110257,213.1940233,203.2997747,203.926158,183.439891,186.490451,663,649,639,641,644,11,3,7,4,12
ID0192,US,58.25251961,60.79402972,45.180191,43.738671,32.243493,357.1005046,355.46753,322.432754,333.716925,311.677914,2967,2915,2697,2295,1908,10,7,8,12,9
ID0193,DK,52.3,44.1,45,46.6,40,858.6,756.2,738.4,698.7,635.6,2573,2510,2510,2425,2411,19,15,19,23,25
ID0194,US,84.94530659,37.05679697,43.735771,47.932711,40.25379,43.50811176,62.02671798,43.431224,25.766805,11.860634,385,317,307,280,245,22,18,20,22,32
ID0195,US,44.93150505,46.18014251,43.651658,36.686246,31.10797,659.0041076,660.1214568,680.522822,646.791402,527.767398,3225,3383,3782,3563,2337,8,11,8,12,14
ID0196,CH,33.01998376,42.5256997,43.524528,42.899054,39.431699,358.1184246,324.951846,315.821234,318.111656,306.612371,1368,1261,1184,1185,1107,5,7,6,5,1
ID0197,US,NA,46.84216884,43.198464,38.15677,40.265391,NA,849.177467,798.702797,710.137789,662.653921,NA,3327,3216,2979,2705,5,4,4,10,10
ID0198,CH,48.88294733,43.8875404,43.042494,47.688688,56.531271,42.01330709,34.56697466,33.307911,47.075658,54.246241,250,230,200,200,300,24,17,14,14,12
ID0199,GR,44.292745,45.088369,42.757994,37.475165,32.527147,194.176139,180.688933,161.497127,149.321132,108.479936,747,758,758,425,425,2,5,2,5,10
ID0200,US,50.45975143,48.0451283,42.656081,37.509971,31.601045,1303.068028,1245.578237,1151.276224,1047.883429,965.002562,10200,9460,8000,7800,7400,2,2,1,1,5
ID0201,US,105.2433401,61.25302444,42.556741,10.929592,14.409398,0.908563822,7.074908172,10.310348,27.067654,34.072947,270,204,146,103,98,0,4,6,10,10
ID0202,US,67.6514092,36.42014871,42.542964,26.141687,14.765427,13.45080996,NA,NA,NA,NA,406,115,73,64,NA,3,0,5,0,13
ID0203,US,19.4398463,30.20042879,41.983157,25.864998,20.903304,0.050757857,51.01408085,47.038592,25.148366,0.138511,78,81,91,71,61,15,17,23,23,12
ID0204,JP,39.28273032,39.25237867,41.082713,38.58993,39.967158,15343.54536,13564.03122,13691.13426,13046.44004,12807.64935,16208,15829,15287,14842,15155,15,9,11,7,5
ID0205,JP,41.0936607,43.05366147,40.965648,33.769632,31.43523,775.4982523,760.5182746,757.86794,727.438086,657.282089,3242,3335,2898,2831,2784,20,21,22,31,33
ID0206,CH,NA,NA,39.582984,32.819082,34.018788,NA,NA,553.021451,558.170834,564.131137,NA,NA,NA,2517,2452,1,1,1,1,1
ID0207,DE,53.7,49.2,39.5,38.1,33.1,1941.004,1862.035,1794.442,1758.377,1699.404,10346,10216,10257,10220,9966,10,13,4,12,12
ID0208,US,NA,NA,39.283592,24.848815,12.165906,NA,NA,579.311885,369.293027,158.196654,NA,NA,324,557,206,2,1,2,3,1
ID0209,US,72.13984619,60.59824962,39.084911,14.154159,8.231456,356.564648,66.07573822,69.994926,34.112103,20.287869,5936,674,623,549,268,2,3,8,12,14
ID0210,US,108.1930918,53.27390354,39.066784,39.069684,30.532957,357.2332004,291.117556,243.948958,221.748972,211.904146,535,489,421,378,328,15,13,18,12,20
ID0211,US,40.42638981,40.4263871,38.955842,48.000146,63.167285,289.174279,275.3978753,267.869632,229.116096,296.731934,959,1010,1026,232,1100,17,16,4,3,7
ID0212,US,19.49460971,2.308028754,38.662897,50.94047,6.781234,17.73549082,40.25888975,2.485679,2.485679,3.189762,67,50,51,43,25,2,0,6,0,1
ID0213,US,36.90452619,37.41282594,37.769561,36.989342,37.307665,640.0801605,673.1241477,606.347633,602.473367,565.642825,3500,3400,3300,3500,3400,12,21,16,17,11
ID0214,US,41.27114416,38.99719332,37.365674,31.3081,25.278081,456.9004367,425.3812799,396.813149,357.648475,318.314851,3700,3600,3139,2866,2548,1,3,6,4,0
ID0215,JP,39.26207322,37.07628163,37.267791,34.960934,33.907355,1457.991799,1409.415181,1400.441233,1323.591907,1207.746369,6129,6140,6244,6087,6167,78,61,57,85,121
ID0216,KR,39.42986839,43.07322148,36.963189,NA,NA,399.3444708,397.6605943,344.188765,NA,NA,NA,NA,NA,NA,NA,0,0,2,3,7
ID0217,CH,72.825,41.792,36.741,43.491,40.347,1513.044,1279.61,900.678227,725.032348,733.690022,6213,5683,5514,4939,4514,26,27,36,32,32
ID0218,US,56.57896367,60.38289124,36.71235,21.24139,9.730081,NA,NA,NA,NA,NA,44,35,25,18,10,3,6,4,5,0
ID0219,JP,61.44769298,42.30993212,36.468999,30.663983,28.067908,565.4165502,492.169734,422.471592,380.397275,335.485868,2203,2060,1879,1696,1567,1,5,2,3,5
ID0220,SE,41.65231366,43.68422813,36.448554,34.021661,29.201737,1020.650997,948.2976814,901.461128,888.434918,866.423558,462,469,454,395,350,3,5,4,2,7
ID0221,US,NA,NA,36.408528,33.30578,44.919151,NA,NA,290.562693,286.622442,191.657608,NA,NA,639,NA,530,8,13,8,10,22
ID0222,FR,37.688,35.283,35.902,37.753,40.008,488.738,408.957,389.669,403.495,377.834,1542,1474,1395,1374,1346,18,19,14,11,8
ID0223,GB,21.01637067,34.8680665,35.703954,36.420421,31.524561,NA,444.4484333,412.32693,408.147537,370.055359,2386,2314,2142,2189,2081,11,16,16,17,22
ID0224,JP,55.21616379,42.06890901,35.601345,31.331938,29.720581,850.3247965,726.1965463,618.533777,554.348064,465.523741,1490,1239,1121,1050,991,2,0,2,3,8
ID0225,US,41.08769134,39.25678351,35.270105,29.950693,26.069901,NA,1341.646015,1176.312117,1089.045057,1020.09284,14000,7600,6000,6000,5000,9,10,2,5,5
ID0226,US,NA,NA,35.20847,NA,9.457618,NA,NA,197.913137,131.749695,43.788704,NA,NA,370,257,121,3,12,19,18,33
ID0227,CN,46.63619589,43.32569805,34.916978,20.687467,15.140533,1547.244489,1475.915322,1295.114571,1095.53069,771.249749,10836,10464,8801,6641,4131,0,1,2,2,1
ID0228,IN,NA,31.24968638,34.638304,33.588658,27.3107,NA,595.2131491,522.998794,409.542182,237.854842,NA,2420,3008,2976,2913,53,55,67,85,97
ID0229,US,36.404924,37.18441626,34.434777,27.404105,17.721703,40.20523154,13.67994392,25.705896,24.495686,42.198536,86,183,168,166,188,7,9,13,7,7
ID0230,US,NA,36.42014871,34.275978,41.897615,44.769053,NA,253.0775087,239.575816,214.35937,189.566389,NA,1100,1100,1100,875,26,30,17,24,31
ID0231,US,115.8277857,54.3753472,34.153434,17.878327,12.968603,26.28527474,22.23117758,15.165688,16.007542,10.650424,443,308,213,137,112,9,2,6,12,10
ID0232,JP,39.85424122,36.42207532,33.948672,31.290621,30.195725,944.7892625,883.8258343,876.557453,836.886399,903.227474,2804,2576,2364,2204,2414,4,8,6,4,8
ID0233,US,41.00720441,38.804314,33.888769,28.278588,25.698645,47.94579168,NA,NA,1.890363,0.179102,80,69,62,57,50,5,4,2,1,0
ID0234,US,36.81098686,50.51268106,33.840912,30.849105,20.100066,117.8711484,135.472484,113.011387,194.117183,139.919516,212,241,226,193,NA,14,11,8,7,13
ID0235,IE,79.94566677,61.76567872,33.804656,14.84809,10.238562,960.6292683,850.4645394,632.603163,424.899583,197.430938,910,870,810,610,431,4,3,5,23,27
ID0236,US,NA,NA,33.740846,36.636213,38.853601,NA,NA,117.776814,65.040245,40.538758,NA,NA,570,594,382,22,22,28,21,19
ID0237,CN,37.51698273,33.18591558,33.531017,10.287001,10.828015,2233.516671,2193.497556,2057.406786,1402.872105,629.898816,14896,12196,11284,6035,5470,0,0,1,3,3
ID0238,GB,50.2721138,43.10743846,33.435141,36.898066,39.166879,85.97606137,69.25848764,43.585094,36.420421,39.405701,270,243,215,216,209,0,1,7,1,17
ID0239,US,NA,35.6210771,33.342036,35.720398,15.326663,NA,0.5800888,3.446451,33.492859,1.078239,NA,50,64,57,NA,9,17,16,20,24
ID0240,US,35.2621495,34.98442973,33.252122,29.657023,28.456965,819.9432261,822.1924619,806.365041,805.193987,806.913225,4600,5000,5000,5300,5300,3,3,4,1,4
ID0241,US,NA,30.30817577,32.810142,29.500274,25.621616,NA,211.4119072,204.491456,184.410432,158.438645,NA,660,639,581,536,7,7,10,9,16
ID0242,US,30.66494511,30.77008447,32.659706,29.566385,24.214343,172.3646926,164.5878649,154.755279,146.894355,133.666162,797,741,731,709,614,1,1,4,3,10
ID0243,US,53.85907213,40.8179473,32.107172,21.594519,20.242913,NA,NA,8.338772,NA,3.202814,125,89,61,41,42,1,0,4,5,8
ID0244,DE,36.529,33.368,32.084,23.578,23.713,NA,241.491,219.487,200.898,209.216,1283,1129,1059,974,927,8,7,5,4,9
ID0245,US,44.40362397,38.2851345,31.96505,31.084766,25.490538,613.0712241,552.282952,478.722367,406.091664,347.865283,4375,3580,3420,3176,2593,0,0,0,0,0
ID0246,US,NA,22.28911392,31.719317,NA,14.689805,NA,28.23872162,8.234269,39.549294,2.365978,NA,29,24,21,18,3,1,0,4,1
ID0247,SE,NA,NA,31.648497,27.004552,19.830881,NA,NA,188.930499,180.457593,156.449295,NA,NA,592,594,619,39,29,48,56,59
ID0248,US,11.64237693,34.97210208,31.340005,33.853964,51.983179,NA,43.93737499,20.434342,18.840549,24.55442,NA,344,318,342,326,27,34,37,39,35
ID0249,JP,40.18475296,38.46044429,31.31128,27.971502,25.595783,1150.016569,1045.173768,990.378466,889.317471,828.347585,6642,6426,5845,5518,5347,3,6,9,7,6
ID0250,US,73.51248162,61.06812116,31.250091,20.401712,9.754188,1.260968461,1.054311068,0.586614,0.559785,0.007251,12,12,12,10,10,0,0,0,0,1
ID0251,JP,19.06085156,15.81810089,30.795356,28.390372,32.470692,NA,NA,7.0085,22.568712,42.858972,NA,NA,76,85,87,6,9,4,10,5
ID0252,JP,33.56074164,34.32172832,30.581349,22.381051,5.394341,988.182736,874.7151509,713.555627,646.787997,185.917517,1142,1138,926,880,824,1,0,0,0,0
ID0253,US,74.28980065,22.71990198,30.492351,59.92749,40.907839,3.14118088,0.995577126,0.580088,0.580088,0.483649,28,27,43,83,66,3,12,10,4,6
ID0254,US,98.76012262,48.79996898,30.382134,23.638605,14.78573,291.4946338,187.9487659,116.017696,72.438549,55.301285,1509,1061,646,698,502,1,4,6,11,6
ID0255,US,55.79221807,33.64514952,30.150824,23.103474,21.334204,NA,0.887536111,0.263215,13.350011,15.542021,185,97,92,112,96,20,21,12,13,12
ID0256,NZ,40.61336126,35.67640991,30.002039,25.763952,23.544398,486.7870075,383.0175118,338.167926,301.6797,277.578629,3587,3151,3012,2758,2592,10,3,2,3,8
ID0257,JP,32.03900881,31.03692476,29.934052,28.742749,27.647853,277.1687564,272.0189823,260.46137,236.284131,213.243106,2624,2666,3144,3153,3058,1,2,2,2,1
ID0258,CN,23.50944895,29.63025175,29.816109,26.528015,31.259224,1863.490255,1936.156459,2122.127158,2069.207418,2035.141575,17866,18573,19188,6397,16336,3,1,3,6,4
ID0259,FR,19.628,26.292,29.675,23.694,25.6,NA,250.549,244.52,239.845,234.969,NA,1040,1024,1057,988,66,72,53,63,57
ID0260,US,NA,NA,29.371474,16.72543,11.060649,NA,NA,54.648598,29.928991,7.610688,NA,NA,267,225,188,3,5,5,10,24
ID0261,US,22.95556501,5.309262984,28.920311,20.364006,24.06062,20.78023201,34.03671162,22.22319,5.481111,2.900442,100,92,85,70,79,8,7,8,5,7
ID0262,US,60.1066288,53.33046212,28.728157,28.592561,21.541586,2.936700063,7.999424587,8.158219,7.043724,15.67254,234,197,151,167,150,12,8,15,3,8
ID0263,US,NA,NA,28.556332,35.002284,12.910857,NA,NA,37.98096,36.141245,35.505932,NA,NA,286,287,240,2,2,1,8,11
ID0264,JP,28.7407747,27.71768818,28.536165,28.873586,26.608046,297.5641019,295.4740005,272.009427,282.076964,279.832082,872,862,886,897,888,6,7,14,10,6
ID0265,CH,21.71671666,32.51405457,28.388709,26.99705,26.927914,274.0389417,249.402116,224.696431,198.919422,202.195636,1116,1050,999,1015,1026,1,0,1,0,0
ID0266,GB,26.10399679,39.88110412,28.279313,24.667537,22.636503,1044.159883,1079.690247,989.775966,803.945347,665.669656,7189,7139,7067,6649,6165,0,0,1,1,3
ID0267,US,NA,69.4170495,28.238707,10.354579,2.58937,NA,4.27815446,3.365238,6.270031,6.694221,NA,68,41,36,NA,2,6,6,5,3
ID0268,DE,31.911,28.177,28.177,27.5,24.838,629.141,502.677,502.677,520.239,477.76,2969,2798,2650,2585,2575,1,2,0,0,0
ID0269,US,NA,NA,28.163296,35.593504,69.041406,NA,NA,2.631426,41.954899,70.797623,NA,NA,40,41,142,18,16,18,10,4
ID0270,SE,23.36593225,26.52659893,28.106813,16.141664,15.351512,2217.84459,1732.920605,1480.292161,1466.408073,1451.169439,4617,5202,3066,2869,2591,17,17,15,11,30
ID0271,DE,73.151,48.077693,27.829721,20.256345,35.745141,106.223,63.978,77.96,51.917,82.077,365,329,299,421,446,8,10,4,4,16
ID0272,US,24.72628613,27.04663986,27.481692,24.073672,21.100718,1015.01042,1030.672745,992.241342,918.280061,864.549366,7100,7000,6900,6700,6300,0,0,0,2,2
ID0273,US,34.59287159,27.91822301,27.476616,20.829527,19.028352,351.3590756,319.7014307,275.966217,227.704306,178.040031,1451,1236,1134,1089,773,3,1,2,5,1
ID0274,CN,47.94782484,39.22830921,27.373124,25.211415,8.851425,1177.949672,826.4885866,706.593779,617.620274,422.00903,12344,8934,7800,7225,6491,0,1,1,9,11
ID0275,KY,43.9700077,43.89169235,27.31558,20.028827,20.729056,272.5286299,257.6203295,111.537795,110.620475,99.794079,2926,2903,1896,1714,1204,2,0,3,6,3
ID0276,KY,NA,NA,27.177031,23.61291,14.940553,NA,NA,247.506009,242.465621,254.413476,NA,NA,4046,4334,4046,8,5,13,15,9
ID0277,US,NA,NA,27.058952,37.484389,21.849441,NA,NA,NA,NA,NA,NA,NA,69,39,17,1,1,3,4,9
ID0278,JP,20.19630197,29.40599477,27.029457,11.356423,7.700254,1.395290768,7.63370643,0.643021,0.745253,6.88614,110,96,91,89,75,0,0,0,0,0
ID0279,BE,26.747,22.912,26.913,28.398,32.462,270.357,220.577,245.059,221.106,106.091,1200,1100,1000,1260,2057,38,28,34,30,37
ID0280,US,27.56944686,83.14920128,26.61881,39.291568,38.65057,205.7161743,155.2904921,106.797914,73.996811,71.848309,428,390,304,288,337,55,69,77,95,114
ID0281,SE,18.3230676,21.93772331,26.589497,23.852187,21.38872,72.61928459,64.37678141,48.465063,36.829859,22.532182,90,108,106,111,110,1,4,3,0,4
ID0282,US,35.08014686,34.76617057,26.319339,23.146981,17.198173,9.795525097,0.390834789,1.160177,4.366616,3.2804,162,103,75,71,70,6,6,3,3,3
ID0283,SE,32.02837169,28.51880269,25.910757,24.08799,6.989002,74.26178503,199.4562038,50.360411,62.650651,78.853269,134,117,153,164,170,16,13,10,10,8
ID0284,GB,55.88444002,46.0616707,25.196961,19.695686,14.273223,12.8964089,NA,0.469286,NA,NA,204,49,20,16,11,3,5,8,6,8
ID0285,GB,33.86740359,33.86740075,25.129227,20.978976,14.026007,NA,0.183892882,NA,0.177923,0.10747,243,199,147,127,95,1,8,7,2,6
ID0286,CN,34.77476478,28.29202477,24.824795,20.269802,16.876668,703.3103411,627.1331888,548.171188,438.354793,377.928358,9861,9847,9304,8935,7875,3,5,2,4,3
ID0287,US,NA,34.68930918,24.634907,17.037924,2.016533,NA,NA,NA,14.275252,9.415561,NA,106,64,46,NA,1,4,3,7,6
ID0288,IT,25.609,24.043,24.629,24.9,21.014,499.181,443.77,434.849,433.763,440.003,1655,1620,1603,1558,1513,6,15,7,3,4
ID0289,GB,30.19144957,24.48962451,24.489631,21.27743,16.831686,NA,201.6866873,201.686738,164.188034,151.1949,649,561,433,369,306,0,0,0,0,0
ID0290,US,55.56308263,46.83926894,24.381119,24.074397,25.30636,11.68588956,43.56249228,25.145385,NA,NA,149,125,106,111,95,1,2,2,4,15
ID0291,US,47.88908548,34.31455325,24.281582,12.231947,12.233939,19.80174539,11.03323749,5.665267,NA,NA,93,55,38,25,14,12,3,5,5,8
ID0292,SE,19.88926217,15.09295776,24.265887,30.149693,35.963175,1.837104169,1.173830483,13.090551,25.725974,26.480569,50,58,61,76,80,0,1,0,0,0
ID0293,BE,13.567,13.322,24.263,19.502,19.306,11.198,13.776,112.781,75.105,2.476,109,136,146,110,100,3,11,6,5,2
ID0294,CN,42.20452432,26.84534085,24.205247,22.130226,19.114477,329.2043454,299.1848942,260.299177,221.831505,179.519882,5661,5214,3791,5127,2876,2,6,8,19,20
ID0295,US,17.01690602,30.37054823,24.088899,15.953158,12.736568,NA,NA,NA,NA,0.105141,53,49,43,42,32,1,3,6,8,8
ID0296,US,57.6514025,34.17157964,24.084549,4.925078,10.076004,37.34684353,29.91735418,NA,NA,NA,116,72,38,NA,NA,0,0,0,0,1
ID0297,US,44.36446833,39.76001004,23.769125,11.002828,5.482561,NA,NA,NA,NA,0.468421,148,59,47,32,19,0,1,5,0,2
ID0298,US,28.8666698,26.56226531,23.700965,21.623523,24.198391,393.1182197,369.5810897,325.610189,285.902407,260.640279,3754,3105,2888,2760,2400,5,5,3,5,5
ID0299,US,NA,19.26837433,23.66761,17.126387,13.423247,NA,NA,0.031905,4.421724,14.687115,NA,35,32,22,NA,3,4,6,9,2
ID0300,US,32.9845753,24.33762523,23.647307,23.054166,22.65463,1071.049176,979.1992922,900.9985,835.554368,811.868631,7000,4100,NA,3500,NA,6,4,8,5,10
ID0301,US,28.99107419,28.99107265,23.495389,19.810681,17.421461,2.344465596,4.09911788,6.556167,3.597999,23.735647,131,123,120,119,NA,27,44,33,33,35
ID0302,US,24.00335079,29.45473327,23.484157,14.52469,15.961134,9.919518985,7.849326245,5.075774,NA,3.625553,184,155,41,25,29,3,6,1,7,4
ID0303,US,NA,NA,23.434124,28.197376,16.149663,NA,NA,NA,NA,5.848742,NA,NA,32,88,90,25,20,27,14,6
ID0304,US,25.99595566,27.03648758,23.355087,25.593504,27.850048,588.1469834,552.8354874,496.826204,449.753474,391.926629,1600,1500,1358,1173,1093,3,7,2,9,8
ID0305,US,NA,NA,23.33986,22.791676,25.576826,NA,NA,5.765354,15.679792,31.553188,NA,NA,92,88,112,9,11,9,2,4
ID0306,US,22.04337535,23.04982746,23.256472,25.57175,22.211588,272.5438572,258.0191403,249.519258,211.935326,168.874633,1067,948,943,1028,835,0,1,1,3,4
ID0307,US,19.02763853,NA,23.227468,16.5521,NA,6.291063626,32.17825189,5.70082,10.186354,61.486478,66,57,69,76,105,8,12,12,4,0
ID0308,US,24.01132638,26.76602145,22.975854,20.097165,17.92836,142.2153009,132.416141,127.19165,112.92945,115.004716,624,610,572,514,488,10,10,12,1,2
ID0309,JP,25.28416981,28.56471359,22.861986,22.951506,22.421273,NA,435.7978092,439.67317,410.675633,386.388217,NA,644,645,638,623,6,1,1,6,6
ID0310,CN,28.45602731,27.17709838,22.797623,17.303224,10.854286,922.3229863,849.8267154,908.959326,811.57345,645.889534,12285,12483,12541,12395,13232,0,0,0,3,3
ID0311,CN,21.06228774,25.17267011,22.575531,23.622891,17.50868,531.5464731,569.8460574,580.522403,620.087057,567.618966,6256,5921,5538,5325,4666,5,4,5,1,5
ID0312,US,29.62296084,29.62295905,22.438547,21.214561,20.239287,NA,327.9285395,259.417743,225.201224,228.09079,1560,1356,1021,854,847,3,12,5,3,1
ID0313,US,54.73935706,29.45763316,22.426946,NA,NA,14.33471994,NA,2.116598,38.532377,56.132987,120,94,81,78,71,4,7,3,3,2
ID0314,NL,28.85434288,24.139,22.387,16.332391,14.385469,301.2553538,284.121431,225.479666,210.33804,201.863357,2295,1109,1083,926,802,4,1,2,3,4
ID0315,CN,32.01481355,27.84215562,22.143242,NA,NA,995.4511356,854.1326637,720.809744,680.515512,556.137257,9032,8534,7937,9611,10200,0,0,0,0,1
ID0316,KR,10.77998096,23.99295585,22.054244,76.440619,73.434053,NA,433.3864563,392.21523,333.098425,725.316062,NA,NA,NA,NA,NA,0,0,0,0,2
ID0317,KR,26.81709764,24.95019909,22.004123,16.9969,19.704027,775.8265187,699.253953,648.304874,533.463738,466.664365,NA,NA,NA,NA,NA,1,3,0,0,0
ID0318,IL,18.32355553,17.85150732,21.750417,21.706911,20.037706,201.4713746,185.4471327,186.291789,191.155106,165.557977,784,659,621,651,605,8,2,3,2,2
ID0319,US,32.52993104,27.5433403,21.599594,18.246683,17.178216,173.94471,114.8380015,35.201219,NA,NA,318,295,217,98,33,0,0,0,1,0
ID0320,US,26.87624059,17.91169121,21.591618,21.069539,21.266044,182.3792011,152.6075818,166.544127,148.156773,85.82119,1460,1361,1262,NA,NA,0,1,0,0,1
ID0321,US,NA,NA,21.519107,23.250671,17.610036,NA,NA,58.793417,1.458923,NA,NA,NA,98,121,38,14,19,17,7,4
ID0322,US,NA,43.04041201,21.269669,30.148648,25.952433,NA,14.99964586,12.492205,7.787688,14.724096,NA,100,79,85,80,24,16,16,20,16
ID0323,KY,17.12584684,17.84571406,21.089135,15.147689,13.602919,459.28832,463.3007367,464.883172,425.052359,328.402841,1745,1675,1619,1278,1157,1,0,3,0,3
ID0324,US,20.8766717,21.07897602,21.078965,15.454282,13.649482,NA,282.2857039,252.184765,244.162141,241.527814,NA,NA,1050,1050,819,6,7,3,6,10
ID0325,US,42.22974114,31.35234863,21.016606,6.463636,14.968458,68.33446342,50.39303782,12.234066,NA,NA,158,123,72,42,38,0,5,1,2,2
ID0326,US,59.95290505,25.38831099,20.994852,11.551737,6.827641,42.86783901,47.39180343,18.525126,18.204627,15.83424,208,128,96,NA,NA,7,22,23,29,28
ID0327,US,17.18585626,20.06019531,20.94917,21.162353,16.36067,2.219564655,4.157786676,5.76898,2.722065,3.625553,38,39,32,25,31,6,3,1,6,14
ID0328,CH,NA,20.743,20.743,19.611,14.803,NA,262.442,262.442,257.1,134.94,NA,NA,836,870,443,1,2,0,0,1
ID0329,CA,NA,NA,20.614894,14.034516,10.78747,NA,NA,11.710536,0.272642,4.451454,NA,NA,NA,NA,NA,8,3,4,2,5
ID0330,US,36.06412238,25.82265217,20.564137,18.227105,17.856574,238.9552644,167.0010345,133.161485,114.657388,91.635852,747,589,511,467,397,4,2,2,4,6
ID0331,US,70.69397472,43.43269763,20.350229,9.760714,6.142412,0.181277947,0.166050423,0.280618,0.45972,0.110217,105,71,31,NA,NA,9,27,29,63,63
ID0332,US,24.0577337,29.90792731,20.274817,20.656951,27.013995,34.99168276,9.867310277,12.566892,19.065333,14.243347,70,50,40,40,75,9,10,7,8,3
ID0333,KR,28.08836,18.87215691,20.243646,19.057016,7.629813,685.1554497,614.3538876,579.397986,565.190182,202.170301,NA,NA,NA,NA,NA,4,1,5,4,2
ID0334,US,34.46380247,24.21145589,20.180553,23.716917,16.485389,0.217533221,0.277717632,0.447393,0.519904,0.403887,103,83,62,NA,NA,3,3,3,1,2
ID0335,US,80.44164232,33.33117612,20.179103,9.166123,3.420347,NA,NA,NA,NA,NA,249,107,59,NA,NA,0,4,5,3,6
ID0336,US,42.92657325,32.09529744,20.102241,17.370749,25.551447,32.40231131,19.4191972,16.243202,15.722573,11.04561,284,215,184,187,174,5,6,6,6,14
ID0337,BM,21.31536399,21.31536262,19.975347,19.935466,14.483359,NA,223.6162493,234.803864,243.772757,211.834535,NA,NA,NA,NA,NA,8,1,3,2,6
ID0338,US,18.16620673,19.52796363,19.947793,19.084186,14.872743,256.6095428,258.8457662,257.019077,248.006677,160.820104,1300,1300,1300,1330,1400,4,0,3,2,1
ID0339,US,24.06135954,24.51962774,19.926764,21.136974,NA,NA,NA,4.39417,3.929374,22.966428,58,58,60,61,64,12,16,19,22,8
ID0340,HK,30.34770163,28.73141019,19.869535,7.290758,9.436304,1065.541047,1024.515784,930.444274,387.777177,690.13215,10023,10565,10390,13019,10205,10,10,8,11,16
ID0341,US,17.40266479,17.40266312,19.505475,17.257632,15.227323,NA,1689.707262,1643.348602,1447.296099,1173.398623,18600,18660,15560,14700,12695,65,62,90,93,85
ID0342,US,26.81605618,22.97659139,19.483722,20.249439,17.013995,395.0064093,343.9716205,315.030825,279.88834,240.358211,1200,900,850,810,672,4,11,7,3,15
ID0343,NL,19.13495497,18.12342339,19.40976,20.721486,16.576753,287.4985474,291.6954694,290.431448,324.545726,419.830335,927,922,889,892,1496,0,0,0,2,2
ID0344,US,19.89124601,16.97629797,19.298093,14.889421,11.24429,0.715684439,2.055689751,0.281343,0.141397,0.422014,58,110,126,107,73,4,4,2,2,2
ID0345,US,17.88993927,39.82744544,19.24589527,3.847438587,8.601266145,NA,NA,NA,NA,NA,19,4,28,31,NA,11,2,2,2,0
ID0346,CN,25.87323257,20.50180977,19.113013,14.880325,12.108125,2564.868639,2236.940844,1974.196474,1719.66156,1312.936245,5405,6263,5338,3696,3604,0,1,2,2,1
ID0347,US,90.9368991,56.97118392,19.084824,9.960452,6.976307,2.017258712,1.262867801,1.175861,1.7737,1.308919,405,136,50,25,NA,17,9,11,17,31
ID0348,US,NA,17.77972119,19.064608,18.061055,9.878907,NA,3.782903968,21.392213,1.735915,0.777319,NA,50,27,25,21,0,2,5,8,6
ID0349,CH,18.94234539,17.30586515,18.80326,18.806513,20.73743,390.8773197,256.4378271,304.96125,299.116444,266.859394,2238,1374,917,832,715,1,0,1,0,1
ID0350,US,29.34161815,25.70373434,18.802118,15.743601,7.166268,NA,NA,NA,NA,NA,22,47,30,24,21,0,8,16,20,18
ID0351,US,19.89414637,20.14285825,18.730332,20.45827,20.775144,521.4766493,536.6220052,553.044753,556.261344,525.761017,3400,3500,3600,3600,3400,2,3,3,4,5
ID0352,US,20.98978885,7.424411566,18.62229,13.422522,6.223624,0.62577095,NA,NA,NA,NA,34,16,14,16,NA,0,1,1,1,0
ID0353,US,53.5189952,43.856162,18.546154,10.069611,11.052136,0.044231655,0.087013672,0.830252,3.558118,1.498804,160,97,48,26,24,5,4,9,6,3
ID0354,CN,32.40608282,26.75681297,18.506931,11.088284,10.056655,411.363704,303.6924883,268.063008,234.198571,210.125932,4546,4281,3855,3891,3584,0,3,0,0,0
ID0355,US,NA,NA,18.443188,14.395621,11.643101,NA,NA,21.667755,14.571097,3.985208,NA,NA,41,44,NA,1,0,4,2,5
ID0356,KR,NA,NA,18.428941,22.284091,20.11931,NA,NA,385.171257,399.066414,391.042824,NA,NA,NA,NA,NA,0,0,0,0,0
ID0357,BM,20.25222679,21.66544123,18.150536,15.96616,14.445295,304.5609816,374.7974395,235.214233,253.8015634,210.8403439,3410,3359,3289,3289,NA,13,11,9,15,9
ID0358,US,69.35106916,32.90481097,17.882678,21.83018,21.83163,7.803644918,2.929448264,3.168733,24.450729,8.774563,131,76,52,46,NA,8,9,9,12,12
ID0359,US,43.26157416,9.98550412,17.866725,36.493366,47.211951,125.8829,52.15723651,17.228628,10.097165,5.924879,734,558,208,NA,NA,20,19,16,5,8
ID0360,US,NA,16.78559402,17.797115,17.73548,19.981148,NA,921.009136,980.609843,1055.370196,1088.854353,NA,5200,5400,6200,6200,1,0,6,1,1
ID0361,US,NA,33.0781129,17.771011,5.067798,NA,NA,NA,NA,NA,NA,NA,71,NA,NA,NA,0,2,0,16,14
ID0362,NL,11.39,11.39,17.494,10.521,22.224,299.805,284.223,262.656,249.862,249.956,1243,1236,1233,1211,1239,7,4,5,24,10
ID0363,CN,26.38258937,22.21334288,17.464764,5.169621,6.001204,764.7035596,640.107952,535.99828,459.723715,367.832253,5913,5544,5058,5587,5308,0,0,0,4,3
ID0364,KR,23.26942175,47.07288228,17.441089,20.687875,13.159979,414.7520594,323.7180295,155.41569,240.601646,191.715076,NA,NA,NA,NA,NA,0,4,12,14,13
ID0365,US,14.55007069,15.69864623,17.196723,NA,19.1741,NA,NA,8.348198,24.961207,2.152128,NA,NA,260,266,235,4,8,5,7,10
ID0366,US,24.5914155,20.78820839,17.064753,27.544776,12.925096,28.59620385,1.303749936,3.004858,3.004858,3.018635,677,236,102,87,61,0,4,2,3,3
ID0367,FR,3.922,6.902,17.019,12.641,6.241,NA,21.627,7.706,11.301,9.928,NA,NA,203,205,137,12,23,32,40,33
ID0368,KR,20.42806696,17.69631376,16.834236,19.392681,17.558476,275.8656212,247.0540521,224.856237,214.410566,211.61463,1062,1044,1045,1015,1041,3,0,1,0,3
ID0369,US,NA,NA,16.818198,12.190374,10.555171,NA,NA,0.819832,0.057095,0.43342,NA,NA,65,56,41,0,7,1,7,4
ID0370,US,NA,NA,16.789936,37.247481,50.044233,NA,NA,0.930317,1.964325,1.76782,NA,NA,46,105,178,19,13,11,8,7
ID0371,IT,23.083,19.216,16.661,8.341,6.296,NA,56.368,56.368,59.537,33.509,NA,162,160,148,136,6,4,1,5,2
ID0372,US,17.48677756,19.65558292,16.613734,9.675151,6.29541,NA,NA,NA,NA,NA,26,28,25,21,13,3,1,7,5,2
ID0373,CH,NA,NA,16.57872,8.815197,11.02835,NA,NA,0.81336,0.894696,1.277789,NA,NA,29,21,NA,11,11,5,4,4
ID0374,IN,50.96041495,70.45726168,16.568234,48.213291,34.163269,NA,772.6160555,700.995957,586.96778,471.010059,12000,11000,11000,NA,7500,11,10,7,11,12
ID0375,CN,25.85488961,19.93868503,16.561512,13.195528,9.764235417,373.1898634,342.8344624,292.220725,193.299882,228.97163,4690,4634,4477,4347,3847,1,1,1,2,5
ID0376,FR,18.247,21.9,16.306,15.979,16.661,342.612,315.298,299.727,298.293,284.137,2036,2004,1847,1812,1744,6,11,7,6,7
ID0377,DE,16.649,14.818,16.294,16.01,14.306,NA,211.52,204.632,199.741,204.566,974,963,947,968,951,0,1,0,0,0
ID0378,US,94.34129582,16.60504146,16.102531,22.681459,17.105359,99.97758333,37.63978567,30.511204,50.453195,61.732291,177,156,198,265,250,33,30,28,29,22
ID0379,IL,NA,NA,16.088754,13.412371,11.983178,NA,NA,192.412448,180.255243,179.089266,NA,NA,1061,954,903,0,2,0,1,0
ID0380,IE,17.96606682,17.84787399,16.011167,11.717062,7.276485,NA,NA,66.141688,59.828875,56.520921,NA,NA,496,385,357,6,10,9,7,15
ID0381,US,27.17136038,23.07520642,15.99594,9.815097,6.335291,28.57735073,22.18404499,19.870931,14.842289,3.632079,233,195,153,130,82,1,1,1,1,0
ID0382,TW,19.18235635,15.26837768,15.92852,14.994206,5.167136,10.55660924,8.60923747,8.942625,8.561687,NA,NA,NA,195,NA,NA,0,0,0,0,0
ID0383,KR,18.72724066,15.10068042,15.925003,15.055246,12.232471,NA,NA,271.542784,249.24804,239.414518,NA,NA,NA,NA,NA,7,5,3,4,6
ID0384,KR,NA,NA,15.89288,12.920004,15.303175,NA,NA,225.307983,216.17809,228.827808,NA,NA,NA,NA,NA,0,2,2,2,3
ID0385,US,28.83984109,28.62665651,15.797985,3.695889,3.998985,NA,NA,NA,NA,NA,78,96,70,64,NA,0,0,0,0,4
ID0386,IT,31.921,22.574,15.794,11.209,9.37,570.303,466.299,404.273,378.029,277.334,2155,1876,1586,1475,1363,1,5,13,2,4
ID0387,US,31.33059718,20.23059646,15.782032,17.662969,15.853093,235.0991238,209.3540421,179.163227,153.265902,110.401714,647,519,478,538,576,0,0,0,0,1
ID0388,NL,49.28,37.632,15.747,9.683,14.909,9.425,4.685,2.943,NA,NA,198,162,87,67,85,0,9,13,17,8
ID0389,US,21.98029057,15.8356998,15.723298,35.689219,61.838157,2.309478934,NA,NA,NA,NA,25,20,25,23,38,2,2,5,3,2
ID0390,US,NA,21.06374848,15.676891,11.711261,8.979045,NA,125.1483544,0.792546,1.223262,1.357407,NA,130,104,94,77,4,8,8,16,6
ID0391,US,23.81699682,19.22311602,15.610586,9.680493,6.774869,5.101881018,3.801902087,3.215387,2.839047,3.215256,136,120,109,76,63,0,6,8,5,7